Review,Label
"This product is amazing!",1
"I hate this item.",0
"Great quality and fast delivery.",1
"Worst purchase ever.",0
"Highly recommend!",1
"Terrible quality.",0
"Excellent product, very satisfied!",1
"Complete waste of money.",0
"Love it! Best purchase",1
"Absolutely horrible experience.",0
"Outstanding customer service!",1
"Defective product, very disappointed.",0
"Five stars, very impressed!",1
"Poor quality, do not recommend.",0
"Perfect! Just what I needed.",1
"Arrived broken and damaged.",0
"Fantastic item, highly recommend.",1
"Such a disappointment.",0
"Amazing value for money!",1
"Does not work as advertised.",0
"Beautiful and well-made product!",1
"Cheap and poorly constructed.",0
"Exceeded my expectations!",1
"Total rip-off, avoid this.",0
"Fantastic quality and fast shipping.",1
"Worst item I have ever bought.",0
"Absolutely love this purchase!",1
"Completely useless product.",0
"Great investment, very happy!",1
"Regret buying this.",0
"Perfect quality and on time delivery!",1
"Terrible, broke after one day.",0
"Superb product, worth every penny!",1
"Misleading description, very upset.",0
"Best purchase ever made!",1
"Damaged on arrival, refund requested.",0
"Stunning product, exceeds expectations!",1
"Absolute garbage, waste of time.",0
"Could not be happier with this!",1
"Poor performance, very slow.",0
"Outstanding value and quality!",1
"Defective right out of the box.",0
"Incredible product, highly satisfied!",1
"Disappointing and low quality.",0
"Amazing service and product!",1
"One star, absolutely horrible.",0
"Loved every aspect of this!",1
"Stopped working after a week.",0
"Fantastic, would buy again!",1
"Not worth the price at all.",0
"Excellent craftsmanship and durability!",1
"Completely broke within days.",0
"Super happy with this purchase!",1
"Absolutely terrible quality.",0
"Worth every penny!",1
"Terrible customer service.",0
"Amazing and reliable!",1
"Broken on arrival.",0
"Best value product!",1
"Low quality materials.",0
"Highly satisfied customer!",1
"Refund requested immediately.",0
"Absolutely wonderful product!",1
"Completely unacceptable.",0
"Great design and functionality!",1
"Does not work properly.",0
"Excellent value for money!",1
"Very disappointed with quality.",0
"Perfect purchase!",1
"Total disaster.",0
"Outstanding quality!",1
"Worst experience ever.",0
"Fantastic product!",1
"Not as described.",0
"Superb quality!",1
"Very poor quality.",0
"Loved this item!",1
"Terrible construction.",0
"Great experience!",1
"Absolute waste.",0
"Highly impressed!",1
"Majorly disappointed.",0
"Best item I ever bought!",1
"Major problems.",0
"Excellent service!",1
"Very unsatisfactory.",0
"Amazing quality!",1
"Poor materials.",0
"Wonderful purchase!",1
"Not recommended.",0
"Perfect quality!",1
"Defective item.",0
"Great item!",1
"Disappointing product.",0
"Excellent choice!",1
"Bad experience.",0
"Fantastic buy!",1
"Regret purchase.",0
"Outstanding item!",1
"Unacceptable.",0
"Brilliant product!",1
"Completely failed.",0
"Fantastic quality!",1
"Very poor.",0